mape,me,mae,mpe,rmse,corr
0.11366079502244092,0.19271990182859797,0.19271990182859797,0.11366079502244092,0.20847308574460569,0.5749001387101427
0.11712700879120397,0.1977311936802559,0.1977311936802559,0.11712700879120397,0.2133190022370564,0.7350932576909136
0.11456268955253146,0.19323256036145622,0.19323256036145622,0.11456268955253146,0.20940813715795578,0.7301427123255912
0.11402129586918872,0.19334631291785137,0.19334631291785137,0.11402129586918872,0.20907924481399162,0.574029124931543
0.10982314566824669,0.18491072484714688,0.18491072484714688,0.10982314566824669,0.20219939115013366,0.7237983292899137
0.08397216865827076,0.14294759070078375,0.14294759070078375,0.08397216865827076,0.16851706289395066,0.59352527962771
0.14449389814334115,0.24441904878473245,0.24441904878473245,0.14449389814334115,0.2592467076722771,0.6794004189198618
0.09689188255165937,0.1649725687613549,0.1649725687613549,0.09689188255165937,0.1779221459590561,0.7285856839032003
