mape,me,mae,mpe,rmse,corr
0.2711762875155072,-30524.872205049793,30524.872205049793,-0.2711762875155072,33386.00968353095,0.8628034434012921
0.28252481287527464,-32325.79349159511,32325.79349159511,-0.28252481287527464,36474.76147680903,0.7633312498636327
0.2592065208304108,-29932.472739303234,29932.472739303234,-0.2592065208304108,34560.74643020038,0.7149910505322663
0.27719492464026857,-31116.372898982117,31116.372898982117,-0.27719492464026857,33811.77634177859,0.8479502637881149
0.26341989879709243,-30301.888857786515,30397.340528358705,-0.262221571347046,36002.6812288787,0.17205048673392648
0.4615955375454035,-48874.79539287375,48874.79539287375,-0.4615955375454035,50782.07781029759,0.7368022981855983
0.2383706104761388,-27491.991257170026,27491.991257170026,-0.2383706104761388,32114.375770251096,0.5047862709111332
0.41806146705759845,-44496.03823288847,44496.03823288847,-0.41806146705759845,46270.27127955953,0.7324680979296757
