mape,me,mae,mpe,rmse,corr
0.10624450006915988,-191532.39541898898,224116.1650418425,-0.08623354230205907,283305.085505037,0.7596026839571477
0.20200141021123572,-415257.13405770715,420889.7666780101,-0.19801808513180552,488505.47557462263,0.565973972255571
0.17795015123427524,-364651.61132869095,371772.3085765432,-0.17293557229195566,436066.1285370332,0.7820283859682363
0.11196081409031354,-223441.36652925835,237966.0274477089,-0.10303352346411167,303116.595410309,0.8271508756970604
0.11000231048227797,-213656.70919676745,231941.1631314525,-0.09828594696285407,305496.9833985542,0.6247626989058378
0.18415798325563715,-378599.32745406876,378599.32745406876,-0.18415798325563715,426120.8305967494,0.8564741085216778
0.11793190328805887,-189511.9389443712,247017.48493400772,-0.08138262124731231,322500.7478673998,0.35080202864630333
0.21856950652009247,-445971.8491305357,445971.8491305357,-0.21856950652009247,491902.22422313294,0.6839532719264184
