mape,me,mae,mpe,rmse,corr
0.06478382362106785,0.06652700687106056,0.0754655365089058,0.05835910660416241,0.09413739565743283,0.881692518112505
0.06862228648168969,0.0657848382958706,0.07976071184086059,0.05867667195692538,0.10016084964001942,0.8343740690558739
0.06876729566551427,0.0661235156444643,0.07992676362754973,0.0589478962493049,0.10036935701303888,0.8343299284666822
0.07172593182277114,0.07298016367996371,0.08359246724163828,0.06412775480656371,0.10179361842323448,0.9054691561128588
0.0755440052897883,0.07847335849940397,0.0878757994899982,0.06893813060608968,0.10904043724076234,0.8306127381236545
0.04992065068742734,-0.023542431932126382,0.06322657765281486,-0.015227142804367055,0.0819907632445145,0.7122819517734398
0.16190879683619877,0.06163748040136794,0.19956065731437878,0.06038722335180142,0.2416346427149915,-0.0931256056861705
0.06078300907503757,-0.025914921276974277,0.07649355025949306,-0.01685723276241833,0.09418979368941627,0.6182990749393624
